Status,Declaration Name,File Path,Line Number,Last Modified,Age (Months),Age (Days),Last Commit
✅,"EmbeddedToInlineCssStyleSvgPatchHint","ui/src/main/kotlin/org/jetbrains/jewel/ui/painter/hints/EmbeddedToInlineCssStyleSvgPatchHint.kt",14,2025-12-04,1,34,"d77a7e34b4316c65438d1a8e23c5369bfda57bb3"
✅,"ListComboBox","ui/src/main/kotlin/org/jetbrains/jewel/ui/component/ListComboBox.kt",61,2025-11-11,1,57,"2f167d6ea8700c495aab5c6c44d067d58d4019e8"
✅,"ListComboBox","ui/src/main/kotlin/org/jetbrains/jewel/ui/component/ListComboBox.kt",143,2025-11-11,1,57,"2f167d6ea8700c495aab5c6c44d067d58d4019e8"
✅,"ComboBox","ui/src/main/kotlin/org/jetbrains/jewel/ui/component/ComboBox.kt",190,2025-11-11,1,57,"2f167d6ea8700c495aab5c6c44d067d58d4019e8"
✅,"ComboBox","ui/src/main/kotlin/org/jetbrains/jewel/ui/component/ComboBox.kt",416,2025-11-11,1,57,"2f167d6ea8700c495aab5c6c44d067d58d4019e8"
✅,"LazyTree","ui/src/main/kotlin/org/jetbrains/jewel/ui/component/LazyTree.kt",25,2025-10-14,2,85,"97177f5bf80be4de54089c1994c1b706f6fd135c"
✅,"DropdownState","ui/src/main/kotlin/org/jetbrains/jewel/ui/component/Dropdown.kt",191,2025-10-14,2,85,"97177f5bf80be4de54089c1994c1b706f6fd135c"
✅,"Dropdown","ui/src/main/kotlin/org/jetbrains/jewel/ui/component/Dropdown.kt",57,2025-10-14,2,85,"97177f5bf80be4de54089c1994c1b706f6fd135c"
✅,"TabStrip","ui/src/main/kotlin/org/jetbrains/jewel/ui/component/TabStrip.kt",204,2025-10-14,2,85,"97177f5bf80be4de54089c1994c1b706f6fd135c"
✅,"MarkdownProcessor","markdown/core/src/main/kotlin/org/jetbrains/jewel/markdown/processing/MarkdownProcessor.kt",42,2025-10-08,2,91,"26810a69fc444af7740f2ee0fa38370bf76e75fd"
✅,"HtmlElementConverter","markdown/core/src/main/kotlin/org/jetbrains/jewel/markdown/processing/html/HtmlElementConverter.kt",12,2025-10-08,2,91,"26810a69fc444af7740f2ee0fa38370bf76e75fd"
✅,"convert","markdown/core/src/main/kotlin/org/jetbrains/jewel/markdown/processing/html/HtmlElementConverter.kt",19,2025-10-08,2,91,"26810a69fc444af7740f2ee0fa38370bf76e75fd"
✅,"convertInlines","markdown/core/src/main/kotlin/org/jetbrains/jewel/markdown/processing/html/HtmlElementConverter.kt",38,2025-10-08,2,91,"26810a69fc444af7740f2ee0fa38370bf76e75fd"
✅,"MarkdownHtmlNode","markdown/core/src/main/kotlin/org/jetbrains/jewel/markdown/processing/html/MarkdownHtmlNode.kt",17,2025-10-08,2,91,"26810a69fc444af7740f2ee0fa38370bf76e75fd"
✅,"Text","markdown/core/src/main/kotlin/org/jetbrains/jewel/markdown/processing/html/MarkdownHtmlNode.kt",21,2025-10-08,2,91,"26810a69fc444af7740f2ee0fa38370bf76e75fd"
✅,"Element","markdown/core/src/main/kotlin/org/jetbrains/jewel/markdown/processing/html/MarkdownHtmlNode.kt",34,2025-10-08,2,91,"26810a69fc444af7740f2ee0fa38370bf76e75fd"
✅,"htmlContent","markdown/core/src/main/kotlin/org/jetbrains/jewel/markdown/processing/html/MarkdownHtmlNode.kt",21,2025-10-08,2,91,"26810a69fc444af7740f2ee0fa38370bf76e75fd"
✅,"Node","markdown/core/src/main/kotlin/org/jetbrains/jewel/markdown/processing/ProcessingUtil.kt",22,2025-10-08,2,91,"26810a69fc444af7740f2ee0fa38370bf76e75fd"
✅,"MarkdownHtmlConverterExtension","markdown/core/src/main/kotlin/org/jetbrains/jewel/markdown/extensions/MarkdownHtmlConverterExtension.kt",8,2025-10-08,2,91,"26810a69fc444af7740f2ee0fa38370bf76e75fd"
✅,"provideConverter","markdown/core/src/main/kotlin/org/jetbrains/jewel/markdown/extensions/MarkdownHtmlConverterExtension.kt",18,2025-10-08,2,91,"26810a69fc444af7740f2ee0fa38370bf76e75fd"
✅,"supportedTags","markdown/core/src/main/kotlin/org/jetbrains/jewel/markdown/extensions/MarkdownHtmlConverterExtension.kt",18,2025-10-08,2,91,"26810a69fc444af7740f2ee0fa38370bf76e75fd"
✅,"ImageRendererExtension","markdown/core/src/main/kotlin/org/jetbrains/jewel/markdown/extensions/ImageRendererExtension.kt",9,2025-11-07,2,61,"1bca8a7eab2af1478785344a48f784b6ea7bdad2"
✅,"MarkdownProcessorExtension","markdown/core/src/main/kotlin/org/jetbrains/jewel/markdown/extensions/MarkdownProcessorExtension.kt",8,2025-10-08,2,91,"26810a69fc444af7740f2ee0fa38370bf76e75fd"
✅,"MarkdownBlock","markdown/core/src/main/kotlin/org/jetbrains/jewel/markdown/MarkdownBlock.kt",8,2025-11-04,2,64,"174194c7e6a10007b693ed9bf7691d0d7bd90170"
✅,"HtmlBlockWithAttributes","markdown/core/src/main/kotlin/org/jetbrains/jewel/markdown/MarkdownBlock.kt",272,2025-11-04,2,64,"174194c7e6a10007b693ed9bf7691d0d7bd90170"
✅,"ScrollingSynchronizer","markdown/core/src/main/kotlin/org/jetbrains/jewel/markdown/scrolling/ScrollingSynchronizer.kt",22,2025-10-23,2,76,"228ac86bea40038f364dc86606292eda5447a934"
✅,"ImageSourceResolver","markdown/core/src/main/kotlin/org/jetbrains/jewel/markdown/rendering/ImageSourceResolver.kt",13,2025-10-29,2,70,"ff4ebe06df45bca42cb73df34cc85a0ff4500838"
✅,"ResolveCapability","markdown/core/src/main/kotlin/org/jetbrains/jewel/markdown/rendering/ImageSourceResolver.kt",76,2025-10-29,2,70,"ff4ebe06df45bca42cb73df34cc85a0ff4500838"
✅,"PlainUri","markdown/core/src/main/kotlin/org/jetbrains/jewel/markdown/rendering/ImageSourceResolver.kt",83,2025-10-29,2,70,"ff4ebe06df45bca42cb73df34cc85a0ff4500838"
✅,"RelativePathInResources","markdown/core/src/main/kotlin/org/jetbrains/jewel/markdown/rendering/ImageSourceResolver.kt",95,2025-10-29,2,70,"ff4ebe06df45bca42cb73df34cc85a0ff4500838"
✅,"RelativePath","markdown/core/src/main/kotlin/org/jetbrains/jewel/markdown/rendering/ImageSourceResolver.kt",117,2025-10-29,2,70,"ff4ebe06df45bca42cb73df34cc85a0ff4500838"
✅,"DefaultMarkdownBlockRenderer","markdown/core/src/main/kotlin/org/jetbrains/jewel/markdown/rendering/DefaultMarkdownBlockRenderer.kt",80,2025-11-07,2,61,"1bca8a7eab2af1478785344a48f784b6ea7bdad2"
✅,"GitHubTableProcessorExtension","markdown/extensions/gfm-tables/src/main/kotlin/org/jetbrains/jewel/markdown/extensions/github/tables/GitHubTableProcessorExtension.kt",31,2025-10-08,2,91,"26810a69fc444af7740f2ee0fa38370bf76e75fd"
✅,"GitHubStrikethroughProcessorExtension","markdown/extensions/gfm-strikethrough/src/main/kotlin/org/jetbrains/jewel/markdown/extensions/github/strikethrough/GitHubStrikethroughProcessorExtension.kt",12,2025-10-08,2,91,"26810a69fc444af7740f2ee0fa38370bf76e75fd"
✅,"GitHubStrikethroughHtmlConverterExtension","markdown/extensions/gfm-strikethrough/src/main/kotlin/org/jetbrains/jewel/markdown/extensions/github/strikethrough/GitHubStrikethroughHtmlConverterExtension.kt",12,2025-10-08,2,91,"26810a69fc444af7740f2ee0fa38370bf76e75fd"
✅,"Ordered","markdown/ide-laf-bridge-styling/src/main/kotlin/org/jetbrains/jewel/intui/markdown/bridge/styling/BridgeMarkdownStyling.kt",257,2025-10-14,2,85,"97177f5bf80be4de54089c1994c1b706f6fd135c"
✅,"Unordered","markdown/ide-laf-bridge-styling/src/main/kotlin/org/jetbrains/jewel/intui/markdown/bridge/styling/BridgeMarkdownStyling.kt",312,2025-10-14,2,85,"97177f5bf80be4de54089c1994c1b706f6fd135c"
✅,"DynamicBundle","int-ui/int-ui-standalone/src/main/kotlin/org/jetbrains/jewel/intui/standalone/bundle/DynamicBundle.kt",25,2025-10-29,2,70,"005f436d9b0690c222225b8db350cfe5902c44e7"
✅,"JewelIntUIBundle","int-ui/int-ui-standalone/src/main/kotlin/org/jetbrains/jewel/intui/standalone/JewelIntUIBundle.kt",8,2025-10-29,2,70,"005f436d9b0690c222225b8db350cfe5902c44e7"
✅,"SpeedSearchState","ui/src/main/kotlin/org/jetbrains/jewel/ui/component/SpeedSearchArea.kt",124,2025-09-24,3,105,"6c57fd0c3dabf7bb119fdaaa04ea282828e016e9"
✅,"SpeedSearchScope","ui/src/main/kotlin/org/jetbrains/jewel/ui/component/search/SpeedSearchableTree.kt",31,2025-09-22,3,107,"7532f7d5756bc6fd7c19f2033164186be97ba798"
✅,"SpeedSearchScope","ui/src/main/kotlin/org/jetbrains/jewel/ui/component/search/SpeedSearchableComboBox.kt",52,2025-09-24,3,105,"6c57fd0c3dabf7bb119fdaaa04ea282828e016e9"
✅,"SpeedSearchScope","ui/src/main/kotlin/org/jetbrains/jewel/ui/component/search/SpeedSearchableComboBox.kt",108,2025-09-24,3,105,"6c57fd0c3dabf7bb119fdaaa04ea282828e016e9"
✅,"SpeedSearchScope","ui/src/main/kotlin/org/jetbrains/jewel/ui/component/search/SpeedSearchableComboBox.kt",155,2025-09-24,3,105,"6c57fd0c3dabf7bb119fdaaa04ea282828e016e9"
✅,"retrieveDefaultTextStyle","ide-laf-bridge/src/main/kotlin/org/jetbrains/jewel/bridge/theme/IntUiBridgeText.kt",36,2025-09-15,3,114,"3677a3ee6fa8d86ce5c2f2a2c0364bfcc2da0439"
✅,"composeWithoutTheme","ide-laf-bridge/src/main/kotlin/org/jetbrains/jewel/bridge/JewelComposePanelWrapper.kt",101,2025-09-10,3,119,"3caa4d60c7fd7b941dbe0c2b8232f03aa5e4fb46"
✅,"composeWithoutTheme","ide-laf-bridge/src/main/kotlin/org/jetbrains/jewel/bridge/JewelComposePanelWrapper.kt",121,2025-09-26,3,103,"390aa245f55709c21e5c8c6d2c999bcec69f2d80"
✅,"JewelComposeNoThemePanel","ide-laf-bridge/src/main/kotlin/org/jetbrains/jewel/bridge/JewelComposePanelWrapper.kt",138,2025-09-10,3,119,"3caa4d60c7fd7b941dbe0c2b8232f03aa5e4fb46"
✅,"JewelComposeNoThemePanel","ide-laf-bridge/src/main/kotlin/org/jetbrains/jewel/bridge/JewelComposePanelWrapper.kt",173,2025-09-26,3,103,"390aa245f55709c21e5c8c6d2c999bcec69f2d80"
⚠️,"SpeedSearchScope","ui/src/main/kotlin/org/jetbrains/jewel/ui/component/SpeedSearchArea.kt",114,2025-09-02,4,127,"579619ed3d9fc8e0a4731df2a41650b29434e3c2"
⚠️,"NodeSearchMatchState","ui/src/main/kotlin/org/jetbrains/jewel/ui/component/SpeedSearchArea.kt",145,2025-09-02,4,127,"579619ed3d9fc8e0a4731df2a41650b29434e3c2"
⚠️,"SpeedSearchStateImpl","ui/src/main/kotlin/org/jetbrains/jewel/ui/component/SpeedSearchArea.kt",403,2025-09-02,4,127,"579619ed3d9fc8e0a4731df2a41650b29434e3c2"
⚠️,"SpeedSearchArea","ui/src/main/kotlin/org/jetbrains/jewel/ui/component/SpeedSearchArea.kt",72,2025-09-02,4,127,"579619ed3d9fc8e0a4731df2a41650b29434e3c2"
⚠️,"ProvideSearchMatchState","ui/src/main/kotlin/org/jetbrains/jewel/ui/component/SpeedSearchArea.kt",156,2025-09-02,4,127,"579619ed3d9fc8e0a4731df2a41650b29434e3c2"
⚠️,"LocalNodeSearchMatchState","ui/src/main/kotlin/org/jetbrains/jewel/ui/component/SpeedSearchArea.kt",152,2025-09-02,4,127,"579619ed3d9fc8e0a4731df2a41650b29434e3c2"
⚠️,"CharSequence","ui/src/main/kotlin/org/jetbrains/jewel/ui/component/search/Highlight.kt",19,2025-09-02,4,127,"579619ed3d9fc8e0a4731df2a41650b29434e3c2"
⚠️,"Modifier","ui/src/main/kotlin/org/jetbrains/jewel/ui/component/search/Highlight.kt",36,2025-09-02,4,127,"579619ed3d9fc8e0a4731df2a41650b29434e3c2"
⚠️,"SpeedSearchableLazyColumnScope","ui/src/main/kotlin/org/jetbrains/jewel/ui/component/search/SpeedSearchableLazyColumn.kt",148,2025-09-02,4,127,"579619ed3d9fc8e0a4731df2a41650b29434e3c2"
⚠️,"SpeedSearchScope","ui/src/main/kotlin/org/jetbrains/jewel/ui/component/search/SpeedSearchableLazyColumn.kt",57,2025-09-02,4,127,"579619ed3d9fc8e0a4731df2a41650b29434e3c2"
⚠️,"MarkdownParserFactory","markdown/core/src/main/kotlin/org/jetbrains/jewel/markdown/processing/MarkdownParserFactory.kt",9,2025-08-20,4,140,"f315153d041260694602209a97c317394865a3cc"
⚠️,"Node","markdown/core/src/main/kotlin/org/jetbrains/jewel/markdown/processing/ProcessingUtil.kt",45,2025-08-20,4,140,"f315153d041260694602209a97c317394865a3cc"
⚠️,"MarkdownBlockRenderer","markdown/core/src/main/kotlin/org/jetbrains/jewel/markdown/rendering/MarkdownBlockRenderer.kt",26,2025-08-15,4,145,"d92fbccd0baf2cf81437222b0511fc769a3b8c10"
⚠️,"WithInlinesStyling","markdown/core/src/main/kotlin/org/jetbrains/jewel/markdown/rendering/MarkdownStyling.kt",1066,2025-08-20,4,140,"f315153d041260694602209a97c317394865a3cc"
⚠️,"WithUnderline","markdown/core/src/main/kotlin/org/jetbrains/jewel/markdown/rendering/MarkdownStyling.kt",1072,2025-08-20,4,140,"f315153d041260694602209a97c317394865a3cc"
⚠️,"MarkdownText","markdown/core/src/main/kotlin/org/jetbrains/jewel/markdown/MarkdownText.kt",34,2025-08-20,4,140,"f315153d041260694602209a97c317394865a3cc"
⚠️,"MarkdownText","markdown/core/src/main/kotlin/org/jetbrains/jewel/markdown/MarkdownText.kt",114,2025-08-20,4,140,"f315153d041260694602209a97c317394865a3cc"
⚠️,"LocalCodeHighlighter","foundation/src/main/kotlin/org/jetbrains/jewel/foundation/code/highlighting/CodeHighlighter.kt",32,2025-08-20,4,140,"f315153d041260694602209a97c317394865a3cc"
⚠️,"NoOpCodeHighlighter","foundation/src/main/kotlin/org/jetbrains/jewel/foundation/code/highlighting/NoOpCodeHighlighter.kt",10,2025-08-20,4,140,"f315153d041260694602209a97c317394865a3cc"
⚠️,"LocalComponent","foundation/src/main/kotlin/org/jetbrains/jewel/foundation/LocalComponent.kt",9,2025-08-15,4,145,"76240357c672a6c5f91df15d0ebcf5a675cffacf"
⚠️,"TextArea","ui/src/main/kotlin/org/jetbrains/jewel/ui/component/TextArea.kt",250,2025-07-25,5,166,"3c1387b5819d0fc169ec4224cd3e9e8d52b05c92"
⚠️,"LocalTransparentIconButtonStyle","ui/src/main/kotlin/org/jetbrains/jewel/ui/component/styling/IconButtonStyling.kt",279,2025-07-16,5,175,"cee85e68a926c37874e7d8a39e37b86c306f79bf"
⚠️,"Font","ui/src/main/kotlin/org/jetbrains/jewel/ui/component/Typography.kt",265,2025-07-14,5,177,"4dc3943e41c57078bc536f7e837357b6c86b2a86"
⚠️,"FixedCursorPoint","ui/src/main/kotlin/org/jetbrains/jewel/ui/component/Tooltip.kt",190,2025-07-15,5,176,"6eb4c859ff78d64520034e698dd856c1020d8971"
⚠️,"rememberPopupPositionProviderAtFixedPosition","ui/src/main/kotlin/org/jetbrains/jewel/ui/component/Tooltip.kt",218,2025-07-15,5,176,"6eb4c859ff78d64520034e698dd856c1020d8971"
⚠️,"JewelTheme","ui/src/main/kotlin/org/jetbrains/jewel/ui/theme/JewelTheme.kt",183,2025-07-16,5,175,"cee85e68a926c37874e7d8a39e37b86c306f79bf"
⚠️,"LocalMarkdownStyling","markdown/core/src/main/kotlin/org/jetbrains/jewel/markdown/extensions/Markdown.kt",14,2025-07-18,5,173,"f50abc6062773c82daa76b757ad1bb199ce05b1e"
⚠️,"JewelTheme","markdown/core/src/main/kotlin/org/jetbrains/jewel/markdown/extensions/Markdown.kt",20,2025-07-18,5,173,"f50abc6062773c82daa76b757ad1bb199ce05b1e"
⚠️,"LocalMarkdownProcessor","markdown/core/src/main/kotlin/org/jetbrains/jewel/markdown/extensions/Markdown.kt",23,2025-07-18,5,173,"f50abc6062773c82daa76b757ad1bb199ce05b1e"
⚠️,"JewelTheme","markdown/core/src/main/kotlin/org/jetbrains/jewel/markdown/extensions/Markdown.kt",31,2025-07-18,5,173,"f50abc6062773c82daa76b757ad1bb199ce05b1e"
⚠️,"LocalMarkdownBlockRenderer","markdown/core/src/main/kotlin/org/jetbrains/jewel/markdown/extensions/Markdown.kt",34,2025-07-18,5,173,"f50abc6062773c82daa76b757ad1bb199ce05b1e"
⚠️,"JewelTheme","markdown/core/src/main/kotlin/org/jetbrains/jewel/markdown/extensions/Markdown.kt",42,2025-07-18,5,173,"f50abc6062773c82daa76b757ad1bb199ce05b1e"
⚠️,"LocalMarkdownMode","markdown/core/src/main/kotlin/org/jetbrains/jewel/markdown/extensions/Markdown.kt",45,2025-07-18,5,173,"f50abc6062773c82daa76b757ad1bb199ce05b1e"
⚠️,"JewelTheme","markdown/core/src/main/kotlin/org/jetbrains/jewel/markdown/extensions/Markdown.kt",53,2025-07-18,5,173,"f50abc6062773c82daa76b757ad1bb199ce05b1e"
⚠️,"MarkdownBlockProcessorExtension","markdown/core/src/main/kotlin/org/jetbrains/jewel/markdown/extensions/MarkdownBlockProcessorExtension.kt",9,2025-07-18,5,173,"f50abc6062773c82daa76b757ad1bb199ce05b1e"
⚠️,"MarkdownDelimitedInlineProcessorExtension","markdown/core/src/main/kotlin/org/jetbrains/jewel/markdown/extensions/MarkdownDelimitedInlineProcessorExtension.kt",9,2025-07-18,5,173,"f50abc6062773c82daa76b757ad1bb199ce05b1e"
⚠️,"MarkdownBlockRendererExtension","markdown/core/src/main/kotlin/org/jetbrains/jewel/markdown/extensions/MarkdownBlockRendererExtension.kt",12,2025-08-04,5,156,"312aff9759286cb44925b90a74beafbb83916aec"
⚠️,"Heading","markdown/core/src/main/kotlin/org/jetbrains/jewel/markdown/MarkdownBlock.kt",80,2025-07-18,5,173,"f50abc6062773c82daa76b757ad1bb199ce05b1e"
⚠️,"Paragraph","markdown/core/src/main/kotlin/org/jetbrains/jewel/markdown/MarkdownBlock.kt",250,2025-07-18,5,173,"f50abc6062773c82daa76b757ad1bb199ce05b1e"
⚠️,"ScrollSyncMarkdownBlockRenderer","markdown/core/src/main/kotlin/org/jetbrains/jewel/markdown/scrolling/ScrollSyncMarkdownBlockRenderer.kt",42,2025-08-04,5,156,"312aff9759286cb44925b90a74beafbb83916aec"
⚠️,"DefaultInlineMarkdownRenderer","markdown/core/src/main/kotlin/org/jetbrains/jewel/markdown/rendering/DefaultInlineMarkdownRenderer.kt",23,2025-07-29,5,162,"dcfb4bf1481a7b8673b95acebd04959627c6af08"
⚠️,"LocalMarkdownImageSourceResolver","markdown/core/src/main/kotlin/org/jetbrains/jewel/markdown/rendering/ImageSourceResolver.kt",163,2025-07-22,5,169,"9705998eb92703bebc6bcd4ca9d0caf4734e6edf"
⚠️,"Paragraph","markdown/core/src/main/kotlin/org/jetbrains/jewel/markdown/rendering/MarkdownStyling.kt",47,2025-07-18,5,173,"f50abc6062773c82daa76b757ad1bb199ce05b1e"
⚠️,"InlineMarkdownRenderer","markdown/core/src/main/kotlin/org/jetbrains/jewel/markdown/rendering/InlineMarkdownRenderer.kt",9,2025-08-04,5,156,"312aff9759286cb44925b90a74beafbb83916aec"
⚠️,"InlineMarkdownRenderer","markdown/core/src/main/kotlin/org/jetbrains/jewel/markdown/rendering/InlineMarkdownRenderer.kt",42,2025-07-29,5,162,"dcfb4bf1481a7b8673b95acebd04959627c6af08"
⚠️,"SemanticsPropertyReceiver","markdown/core/src/main/kotlin/org/jetbrains/jewel/markdown/Semantics.kt",19,2025-07-18,5,173,"f50abc6062773c82daa76b757ad1bb199ce05b1e"
⚠️,"EditorPreview","markdown/core/src/main/kotlin/org/jetbrains/jewel/markdown/MarkdownMode.kt",21,2025-07-18,5,173,"f50abc6062773c82daa76b757ad1bb199ce05b1e"
⚠️,"GitHubTableRendererExtension","markdown/extensions/gfm-tables/src/main/kotlin/org/jetbrains/jewel/markdown/extensions/github/tables/GitHubTableRendererExtension.kt",10,2025-08-04,5,156,"312aff9759286cb44925b90a74beafbb83916aec"
⚠️,"GitHubTableBlockRenderer","markdown/extensions/gfm-tables/src/main/kotlin/org/jetbrains/jewel/markdown/extensions/github/tables/GitHubTableBlockRenderer.kt",26,2025-08-04,5,156,"312aff9759286cb44925b90a74beafbb83916aec"
⚠️,"Coil3ImageRendererExtension","markdown/extensions/images/src/main/kotlin/org/jetbrains/jewel/markdown/extensions/images/Coil3ImageRendererExtension.kt",15,2025-07-15,5,176,"6dafece15ce817f38328853e81c5a79969c5ffe9"
⚠️,"withDefaultLoader","markdown/extensions/images/src/main/kotlin/org/jetbrains/jewel/markdown/extensions/images/Coil3ImageRendererExtension.kt",32,2025-07-15,5,176,"6dafece15ce817f38328853e81c5a79969c5ffe9"
⚠️,"withDefaultLoader","markdown/extensions/images/src/main/kotlin/org/jetbrains/jewel/markdown/extensions/images/Coil3ImageRendererExtension.kt",47,2025-07-18,5,173,"f50abc6062773c82daa76b757ad1bb199ce05b1e"
⚠️,"GitHubAlertBlockRenderer","markdown/extensions/gfm-alerts/src/main/kotlin/org/jetbrains/jewel/markdown/extensions/github/alerts/GitHubAlertBlockRenderer.kt",34,2025-08-04,5,156,"312aff9759286cb44925b90a74beafbb83916aec"
⚠️,"GitHubAlertProcessorExtension","markdown/extensions/gfm-alerts/src/main/kotlin/org/jetbrains/jewel/markdown/extensions/github/alerts/GitHubAlertProcessorExtension.kt",30,2025-08-04,5,156,"312aff9759286cb44925b90a74beafbb83916aec"
⚠️,"GitHubAlert","markdown/extensions/gfm-alerts/src/main/kotlin/org/jetbrains/jewel/markdown/extensions/github/alerts/GitHubAlert.kt",7,2025-08-04,5,156,"312aff9759286cb44925b90a74beafbb83916aec"
⚠️,"AlertStyling","markdown/extensions/gfm-alerts/src/main/kotlin/org/jetbrains/jewel/markdown/extensions/github/alerts/GitHubAlertStyling.kt",14,2025-08-04,5,156,"312aff9759286cb44925b90a74beafbb83916aec"
⚠️,"BaseAlertStyling","markdown/extensions/gfm-alerts/src/main/kotlin/org/jetbrains/jewel/markdown/extensions/github/alerts/GitHubAlertStyling.kt",70,2025-08-04,5,156,"312aff9759286cb44925b90a74beafbb83916aec"
⚠️,"NoteAlertStyling","markdown/extensions/gfm-alerts/src/main/kotlin/org/jetbrains/jewel/markdown/extensions/github/alerts/GitHubAlertStyling.kt",97,2025-08-04,5,156,"312aff9759286cb44925b90a74beafbb83916aec"
⚠️,"TipAlertStyling","markdown/extensions/gfm-alerts/src/main/kotlin/org/jetbrains/jewel/markdown/extensions/github/alerts/GitHubAlertStyling.kt",161,2025-08-04,5,156,"312aff9759286cb44925b90a74beafbb83916aec"
⚠️,"ImportantAlertStyling","markdown/extensions/gfm-alerts/src/main/kotlin/org/jetbrains/jewel/markdown/extensions/github/alerts/GitHubAlertStyling.kt",225,2025-08-04,5,156,"312aff9759286cb44925b90a74beafbb83916aec"
⚠️,"WarningAlertStyling","markdown/extensions/gfm-alerts/src/main/kotlin/org/jetbrains/jewel/markdown/extensions/github/alerts/GitHubAlertStyling.kt",289,2025-08-04,5,156,"312aff9759286cb44925b90a74beafbb83916aec"
⚠️,"CautionAlertStyling","markdown/extensions/gfm-alerts/src/main/kotlin/org/jetbrains/jewel/markdown/extensions/github/alerts/GitHubAlertStyling.kt",353,2025-08-04,5,156,"312aff9759286cb44925b90a74beafbb83916aec"
⚠️,"GitHubAlertRendererExtension","markdown/extensions/gfm-alerts/src/main/kotlin/org/jetbrains/jewel/markdown/extensions/github/alerts/GitHubAlertRendererExtension.kt",10,2025-08-04,5,156,"312aff9759286cb44925b90a74beafbb83916aec"
⚠️,"AutolinkProcessorExtension","markdown/extensions/autolink/src/main/kotlin/org/jetbrains/jewel/markdown/extensions/autolink/AutolinkProcessorExtension.kt",9,2025-08-04,5,156,"312aff9759286cb44925b90a74beafbb83916aec"
⚠️,"Heading","markdown/ide-laf-bridge-styling/src/main/kotlin/org/jetbrains/jewel/intui/markdown/bridge/styling/BridgeMarkdownStyling.kt",125,2025-07-18,5,173,"f50abc6062773c82daa76b757ad1bb199ce05b1e"
⚠️,"Heading","markdown/ide-laf-bridge-styling/src/main/kotlin/org/jetbrains/jewel/intui/markdown/bridge/styling/BridgeMarkdownStyling.kt",143,2025-07-18,5,173,"f50abc6062773c82daa76b757ad1bb199ce05b1e"
⚠️,"Heading","markdown/ide-laf-bridge-styling/src/main/kotlin/org/jetbrains/jewel/intui/markdown/bridge/styling/BridgeMarkdownStyling.kt",162,2025-07-18,5,173,"f50abc6062773c82daa76b757ad1bb199ce05b1e"
⚠️,"Heading","markdown/ide-laf-bridge-styling/src/main/kotlin/org/jetbrains/jewel/intui/markdown/bridge/styling/BridgeMarkdownStyling.kt",181,2025-07-18,5,173,"f50abc6062773c82daa76b757ad1bb199ce05b1e"
⚠️,"Heading","markdown/ide-laf-bridge-styling/src/main/kotlin/org/jetbrains/jewel/intui/markdown/bridge/styling/BridgeMarkdownStyling.kt",200,2025-07-18,5,173,"f50abc6062773c82daa76b757ad1bb199ce05b1e"
⚠️,"Heading","markdown/ide-laf-bridge-styling/src/main/kotlin/org/jetbrains/jewel/intui/markdown/bridge/styling/BridgeMarkdownStyling.kt",219,2025-07-18,5,173,"f50abc6062773c82daa76b757ad1bb199ce05b1e"
⚠️,"ProvideMarkdownStyling","markdown/ide-laf-bridge-styling/src/main/kotlin/org/jetbrains/jewel/intui/markdown/bridge/BridgeProvideMarkdownStyling.kt",29,2025-08-05,5,155,"9d24a4acc273a6a23fd72fbb740445d1c4af3539"
⚠️,"ProvideMarkdownStyling","markdown/ide-laf-bridge-styling/src/main/kotlin/org/jetbrains/jewel/intui/markdown/bridge/BridgeProvideMarkdownStyling.kt",53,2025-07-22,5,169,"9705998eb92703bebc6bcd4ca9d0caf4734e6edf"
⚠️,"ProvideMarkdownStyling","markdown/ide-laf-bridge-styling/src/main/kotlin/org/jetbrains/jewel/intui/markdown/bridge/BridgeProvideMarkdownStyling.kt",85,2025-07-22,5,169,"9705998eb92703bebc6bcd4ca9d0caf4734e6edf"
⚠️,"ProvideMarkdownStyling","markdown/ide-laf-bridge-styling/src/main/kotlin/org/jetbrains/jewel/intui/markdown/bridge/BridgeProvideMarkdownStyling.kt",117,2025-07-22,5,169,"9705998eb92703bebc6bcd4ca9d0caf4734e6edf"
⚠️,"ProvideMarkdownStyling","markdown/ide-laf-bridge-styling/src/main/kotlin/org/jetbrains/jewel/intui/markdown/bridge/BridgeProvideMarkdownStyling.kt",147,2025-07-22,5,169,"9705998eb92703bebc6bcd4ca9d0caf4734e6edf"
⚠️,"MarkdownBlockRenderer","markdown/int-ui-standalone-styling/src/main/kotlin/org/jetbrains/jewel/intui/markdown/standalone/IntUiMarkdownBlockRendererExtensions.kt",22,2025-07-18,5,173,"f50abc6062773c82daa76b757ad1bb199ce05b1e"
⚠️,"GfmTableStyling","markdown/int-ui-standalone-styling/src/main/kotlin/org/jetbrains/jewel/intui/markdown/standalone/styling/extensions/github/tables/IntUiGitHubTableStyling.kt",24,2025-07-18,5,173,"f50abc6062773c82daa76b757ad1bb199ce05b1e"
⚠️,"GfmTableColors","markdown/int-ui-standalone-styling/src/main/kotlin/org/jetbrains/jewel/intui/markdown/standalone/styling/extensions/github/tables/IntUiGitHubTableStyling.kt",41,2025-07-18,5,173,"f50abc6062773c82daa76b757ad1bb199ce05b1e"
⚠️,"AlertStyling","markdown/int-ui-standalone-styling/src/main/kotlin/org/jetbrains/jewel/intui/markdown/standalone/styling/extensions/github/alerts/IntUiGitHubAlertStyling.kt",32,2025-07-18,5,173,"f50abc6062773c82daa76b757ad1bb199ce05b1e"
⚠️,"NoteAlertStyling","markdown/int-ui-standalone-styling/src/main/kotlin/org/jetbrains/jewel/intui/markdown/standalone/styling/extensions/github/alerts/IntUiGitHubAlertStyling.kt",67,2025-07-18,5,173,"f50abc6062773c82daa76b757ad1bb199ce05b1e"
⚠️,"TipAlertStyling","markdown/int-ui-standalone-styling/src/main/kotlin/org/jetbrains/jewel/intui/markdown/standalone/styling/extensions/github/alerts/IntUiGitHubAlertStyling.kt",117,2025-07-18,5,173,"f50abc6062773c82daa76b757ad1bb199ce05b1e"
⚠️,"ImportantAlertStyling","markdown/int-ui-standalone-styling/src/main/kotlin/org/jetbrains/jewel/intui/markdown/standalone/styling/extensions/github/alerts/IntUiGitHubAlertStyling.kt",167,2025-07-18,5,173,"f50abc6062773c82daa76b757ad1bb199ce05b1e"
⚠️,"WarningAlertStyling","markdown/int-ui-standalone-styling/src/main/kotlin/org/jetbrains/jewel/intui/markdown/standalone/styling/extensions/github/alerts/IntUiGitHubAlertStyling.kt",217,2025-07-18,5,173,"f50abc6062773c82daa76b757ad1bb199ce05b1e"
⚠️,"CautionAlertStyling","markdown/int-ui-standalone-styling/src/main/kotlin/org/jetbrains/jewel/intui/markdown/standalone/styling/extensions/github/alerts/IntUiGitHubAlertStyling.kt",267,2025-07-18,5,173,"f50abc6062773c82daa76b757ad1bb199ce05b1e"
⚠️,"MarkdownStyling","markdown/int-ui-standalone-styling/src/main/kotlin/org/jetbrains/jewel/intui/markdown/standalone/styling/IntUiMarkdownStyling.kt",63,2025-07-18,5,173,"f50abc6062773c82daa76b757ad1bb199ce05b1e"
⚠️,"Paragraph","markdown/int-ui-standalone-styling/src/main/kotlin/org/jetbrains/jewel/intui/markdown/standalone/styling/IntUiMarkdownStyling.kt",87,2025-07-18,5,173,"f50abc6062773c82daa76b757ad1bb199ce05b1e"
⚠️,"Heading","markdown/int-ui-standalone-styling/src/main/kotlin/org/jetbrains/jewel/intui/markdown/standalone/styling/IntUiMarkdownStyling.kt",148,2025-07-18,5,173,"f50abc6062773c82daa76b757ad1bb199ce05b1e"
⚠️,"Heading","markdown/int-ui-standalone-styling/src/main/kotlin/org/jetbrains/jewel/intui/markdown/standalone/styling/IntUiMarkdownStyling.kt",203,2025-07-18,5,173,"f50abc6062773c82daa76b757ad1bb199ce05b1e"
⚠️,"Heading","markdown/int-ui-standalone-styling/src/main/kotlin/org/jetbrains/jewel/intui/markdown/standalone/styling/IntUiMarkdownStyling.kt",219,2025-07-18,5,173,"f50abc6062773c82daa76b757ad1bb199ce05b1e"
⚠️,"Heading","markdown/int-ui-standalone-styling/src/main/kotlin/org/jetbrains/jewel/intui/markdown/standalone/styling/IntUiMarkdownStyling.kt",235,2025-07-18,5,173,"f50abc6062773c82daa76b757ad1bb199ce05b1e"
⚠️,"Heading","markdown/int-ui-standalone-styling/src/main/kotlin/org/jetbrains/jewel/intui/markdown/standalone/styling/IntUiMarkdownStyling.kt",251,2025-07-18,5,173,"f50abc6062773c82daa76b757ad1bb199ce05b1e"
⚠️,"Heading","markdown/int-ui-standalone-styling/src/main/kotlin/org/jetbrains/jewel/intui/markdown/standalone/styling/IntUiMarkdownStyling.kt",268,2025-07-18,5,173,"f50abc6062773c82daa76b757ad1bb199ce05b1e"
⚠️,"Heading","markdown/int-ui-standalone-styling/src/main/kotlin/org/jetbrains/jewel/intui/markdown/standalone/styling/IntUiMarkdownStyling.kt",285,2025-07-18,5,173,"f50abc6062773c82daa76b757ad1bb199ce05b1e"
⚠️,"Heading","markdown/int-ui-standalone-styling/src/main/kotlin/org/jetbrains/jewel/intui/markdown/standalone/styling/IntUiMarkdownStyling.kt",302,2025-07-18,5,173,"f50abc6062773c82daa76b757ad1bb199ce05b1e"
⚠️,"Heading","markdown/int-ui-standalone-styling/src/main/kotlin/org/jetbrains/jewel/intui/markdown/standalone/styling/IntUiMarkdownStyling.kt",319,2025-07-18,5,173,"f50abc6062773c82daa76b757ad1bb199ce05b1e"
⚠️,"Heading","markdown/int-ui-standalone-styling/src/main/kotlin/org/jetbrains/jewel/intui/markdown/standalone/styling/IntUiMarkdownStyling.kt",336,2025-07-18,5,173,"f50abc6062773c82daa76b757ad1bb199ce05b1e"
⚠️,"Heading","markdown/int-ui-standalone-styling/src/main/kotlin/org/jetbrains/jewel/intui/markdown/standalone/styling/IntUiMarkdownStyling.kt",353,2025-07-18,5,173,"f50abc6062773c82daa76b757ad1bb199ce05b1e"
⚠️,"Heading","markdown/int-ui-standalone-styling/src/main/kotlin/org/jetbrains/jewel/intui/markdown/standalone/styling/IntUiMarkdownStyling.kt",370,2025-07-18,5,173,"f50abc6062773c82daa76b757ad1bb199ce05b1e"
⚠️,"Heading","markdown/int-ui-standalone-styling/src/main/kotlin/org/jetbrains/jewel/intui/markdown/standalone/styling/IntUiMarkdownStyling.kt",388,2025-07-18,5,173,"f50abc6062773c82daa76b757ad1bb199ce05b1e"
⚠️,"BlockQuote","markdown/int-ui-standalone-styling/src/main/kotlin/org/jetbrains/jewel/intui/markdown/standalone/styling/IntUiMarkdownStyling.kt",416,2025-07-18,5,173,"f50abc6062773c82daa76b757ad1bb199ce05b1e"
⚠️,"List","markdown/int-ui-standalone-styling/src/main/kotlin/org/jetbrains/jewel/intui/markdown/standalone/styling/IntUiMarkdownStyling.kt",448,2025-07-18,5,173,"f50abc6062773c82daa76b757ad1bb199ce05b1e"
⚠️,"Ordered","markdown/int-ui-standalone-styling/src/main/kotlin/org/jetbrains/jewel/intui/markdown/standalone/styling/IntUiMarkdownStyling.kt",469,2025-08-05,5,155,"9d24a4acc273a6a23fd72fbb740445d1c4af3539"
⚠️,"Ordered","markdown/int-ui-standalone-styling/src/main/kotlin/org/jetbrains/jewel/intui/markdown/standalone/styling/IntUiMarkdownStyling.kt",524,2025-08-05,5,155,"9d24a4acc273a6a23fd72fbb740445d1c4af3539"
⚠️,"Ordered","markdown/int-ui-standalone-styling/src/main/kotlin/org/jetbrains/jewel/intui/markdown/standalone/styling/IntUiMarkdownStyling.kt",551,2025-07-18,5,173,"f50abc6062773c82daa76b757ad1bb199ce05b1e"
⚠️,"Unordered","markdown/int-ui-standalone-styling/src/main/kotlin/org/jetbrains/jewel/intui/markdown/standalone/styling/IntUiMarkdownStyling.kt",579,2025-08-05,5,155,"9d24a4acc273a6a23fd72fbb740445d1c4af3539"
⚠️,"Unordered","markdown/int-ui-standalone-styling/src/main/kotlin/org/jetbrains/jewel/intui/markdown/standalone/styling/IntUiMarkdownStyling.kt",626,2025-08-05,5,155,"9d24a4acc273a6a23fd72fbb740445d1c4af3539"
⚠️,"Unordered","markdown/int-ui-standalone-styling/src/main/kotlin/org/jetbrains/jewel/intui/markdown/standalone/styling/IntUiMarkdownStyling.kt",649,2025-07-18,5,173,"f50abc6062773c82daa76b757ad1bb199ce05b1e"
⚠️,"Code","markdown/int-ui-standalone-styling/src/main/kotlin/org/jetbrains/jewel/intui/markdown/standalone/styling/IntUiMarkdownStyling.kt",681,2025-07-18,5,173,"f50abc6062773c82daa76b757ad1bb199ce05b1e"
⚠️,"Indented","markdown/int-ui-standalone-styling/src/main/kotlin/org/jetbrains/jewel/intui/markdown/standalone/styling/IntUiMarkdownStyling.kt",703,2025-07-18,5,173,"f50abc6062773c82daa76b757ad1bb199ce05b1e"
⚠️,"Fenced","markdown/int-ui-standalone-styling/src/main/kotlin/org/jetbrains/jewel/intui/markdown/standalone/styling/IntUiMarkdownStyling.kt",746,2025-07-18,5,173,"f50abc6062773c82daa76b757ad1bb199ce05b1e"
⚠️,"ThematicBreak","markdown/int-ui-standalone-styling/src/main/kotlin/org/jetbrains/jewel/intui/markdown/standalone/styling/IntUiMarkdownStyling.kt",795,2025-07-18,5,173,"f50abc6062773c82daa76b757ad1bb199ce05b1e"
⚠️,"HtmlBlock","markdown/int-ui-standalone-styling/src/main/kotlin/org/jetbrains/jewel/intui/markdown/standalone/styling/IntUiMarkdownStyling.kt",815,2025-07-18,5,173,"f50abc6062773c82daa76b757ad1bb199ce05b1e"
⚠️,"InlinesStyling","markdown/int-ui-standalone-styling/src/main/kotlin/org/jetbrains/jewel/intui/markdown/standalone/styling/IntUiMarkdownStyling.kt",910,2025-07-18,5,173,"f50abc6062773c82daa76b757ad1bb199ce05b1e"
⚠️,"InlinesStyling","markdown/int-ui-standalone-styling/src/main/kotlin/org/jetbrains/jewel/intui/markdown/standalone/styling/IntUiMarkdownStyling.kt",959,2025-07-18,5,173,"f50abc6062773c82daa76b757ad1bb199ce05b1e"
⚠️,"useCustomPopupRenderer","foundation/src/main/kotlin/org/jetbrains/jewel/foundation/JewelFlags.kt",11,2025-07-08,5,183,"5580335832218699cfb0046cc14b9ff3d082878b"
⚠️,"IconButtonStyle","int-ui/int-ui-standalone/src/main/kotlin/org/jetbrains/jewel/intui/standalone/styling/IntUiIconButtonStyling.kt",27,2025-07-16,5,175,"cee85e68a926c37874e7d8a39e37b86c306f79bf"
⚠️,"IconButtonStyle","int-ui/int-ui-standalone/src/main/kotlin/org/jetbrains/jewel/intui/standalone/styling/IntUiIconButtonStyling.kt",34,2025-07-16,5,175,"cee85e68a926c37874e7d8a39e37b86c306f79bf"
⚠️,"IconButtonColors","int-ui/int-ui-standalone/src/main/kotlin/org/jetbrains/jewel/intui/standalone/styling/IntUiIconButtonStyling.kt",76,2025-07-16,5,175,"cee85e68a926c37874e7d8a39e37b86c306f79bf"
⚠️,"IconButtonColors","int-ui/int-ui-standalone/src/main/kotlin/org/jetbrains/jewel/intui/standalone/styling/IntUiIconButtonStyling.kt",134,2025-07-16,5,175,"cee85e68a926c37874e7d8a39e37b86c306f79bf"
⚠️,"readTransparentIconButton","ide-laf-bridge/src/main/kotlin/org/jetbrains/jewel/bridge/theme/IntUiBridgeIconButton.kt",49,2025-07-16,5,175,"cee85e68a926c37874e7d8a39e37b86c306f79bf"
⚠️,"retrieveIntAsNonNegativeDpOrUnspecified","ide-laf-bridge/src/main/kotlin/org/jetbrains/jewel/bridge/BridgeUtils.kt",190,2025-07-23,5,168,"ed3c3d0984cca800ea982487883a2a86209974e5"
⚠️,"Dimension","ide-laf-bridge/src/main/kotlin/org/jetbrains/jewel/bridge/BridgeUtils.kt",259,2025-07-23,5,168,"ed3c3d0984cca800ea982487883a2a86209974e5"
⚠️,"JBDimension","ide-laf-bridge/src/main/kotlin/org/jetbrains/jewel/bridge/BridgeUtils.kt",274,2025-07-23,5,168,"ed3c3d0984cca800ea982487883a2a86209974e5"
⚠️,"retrieveArcAsNonNegativeCornerSizeOrDefault","ide-laf-bridge/src/main/kotlin/org/jetbrains/jewel/bridge/BridgeUtils.kt",313,2025-07-23,5,168,"ed3c3d0984cca800ea982487883a2a86209974e5"
❌,"TextField","ui/src/main/kotlin/org/jetbrains/jewel/ui/component/TextField.kt",145,2025-07-07,6,184,"e1095a8c12643eeecc5772b59b72bfca8cf983d8"
❌,"SwingBridgeTheme","ide-laf-bridge/src/main/kotlin/org/jetbrains/jewel/bridge/theme/SwingBridgeTheme.kt",34,2025-06-27,6,194,"91ce83f05db6239471b727607d9c2a4510c7e9d5"
❌,"WithTextContent","markdown/core/src/main/kotlin/org/jetbrains/jewel/markdown/WithTextContent.kt",6,2025-06-04,7,217,"41ca33fc13f7df6e41ea84db319cb2bb8f8c0908"
❌,"plus","markdown/core/src/main/kotlin/org/jetbrains/jewel/markdown/processing/MarkdownProcessor.kt",427,2025-05-29,7,223,"4180ce901d7632f8301197d4dd041ec0d3973230"
❌,"WithChildBlocks","markdown/core/src/main/kotlin/org/jetbrains/jewel/markdown/WithChildBlocks.kt",8,2025-06-04,7,217,"41ca33fc13f7df6e41ea84db319cb2bb8f8c0908"
❌,"WithInlineMarkdown","markdown/core/src/main/kotlin/org/jetbrains/jewel/markdown/WithInlineMarkdown.kt",6,2025-06-04,7,217,"41ca33fc13f7df6e41ea84db319cb2bb8f8c0908"
❌,"MarkdownDelimitedInlineRendererExtension","markdown/core/src/main/kotlin/org/jetbrains/jewel/markdown/extensions/MarkdownDelimitedInlineRendererExtension.kt",11,2025-06-04,7,217,"41ca33fc13f7df6e41ea84db319cb2bb8f8c0908"
❌,"BlockQuote","markdown/core/src/main/kotlin/org/jetbrains/jewel/markdown/MarkdownBlock.kt",11,2025-05-29,7,223,"4180ce901d7632f8301197d4dd041ec0d3973230"
❌,"CodeBlock","markdown/core/src/main/kotlin/org/jetbrains/jewel/markdown/MarkdownBlock.kt",31,2025-05-29,7,223,"4180ce901d7632f8301197d4dd041ec0d3973230"
❌,"IndentedCodeBlock","markdown/core/src/main/kotlin/org/jetbrains/jewel/markdown/MarkdownBlock.kt",36,2025-05-29,7,223,"4180ce901d7632f8301197d4dd041ec0d3973230"
❌,"FencedCodeBlock","markdown/core/src/main/kotlin/org/jetbrains/jewel/markdown/MarkdownBlock.kt",54,2025-05-29,7,223,"4180ce901d7632f8301197d4dd041ec0d3973230"
❌,"CustomBlock","markdown/core/src/main/kotlin/org/jetbrains/jewel/markdown/MarkdownBlock.kt",80,2025-05-29,7,223,"4180ce901d7632f8301197d4dd041ec0d3973230"
❌,"HtmlBlock","markdown/core/src/main/kotlin/org/jetbrains/jewel/markdown/MarkdownBlock.kt",110,2025-05-29,7,223,"4180ce901d7632f8301197d4dd041ec0d3973230"
❌,"ListBlock","markdown/core/src/main/kotlin/org/jetbrains/jewel/markdown/MarkdownBlock.kt",128,2025-05-29,7,223,"4180ce901d7632f8301197d4dd041ec0d3973230"
❌,"OrderedList","markdown/core/src/main/kotlin/org/jetbrains/jewel/markdown/MarkdownBlock.kt",134,2025-05-29,7,223,"4180ce901d7632f8301197d4dd041ec0d3973230"
❌,"UnorderedList","markdown/core/src/main/kotlin/org/jetbrains/jewel/markdown/MarkdownBlock.kt",182,2025-05-29,7,223,"4180ce901d7632f8301197d4dd041ec0d3973230"
❌,"ListItem","markdown/core/src/main/kotlin/org/jetbrains/jewel/markdown/MarkdownBlock.kt",220,2025-05-29,7,223,"4180ce901d7632f8301197d4dd041ec0d3973230"
❌,"ThematicBreak","markdown/core/src/main/kotlin/org/jetbrains/jewel/markdown/MarkdownBlock.kt",250,2025-05-29,7,223,"4180ce901d7632f8301197d4dd041ec0d3973230"
❌,"AutoScrollableBlock","markdown/core/src/main/kotlin/org/jetbrains/jewel/markdown/scrolling/AutoScrollingUtil.kt",20,2025-06-04,7,217,"41ca33fc13f7df6e41ea84db319cb2bb8f8c0908"
❌,"MarkdownStyling","markdown/core/src/main/kotlin/org/jetbrains/jewel/markdown/rendering/MarkdownStyling.kt",29,2025-05-29,7,223,"4180ce901d7632f8301197d4dd041ec0d3973230"
❌,"Heading","markdown/core/src/main/kotlin/org/jetbrains/jewel/markdown/rendering/MarkdownStyling.kt",67,2025-05-29,7,223,"4180ce901d7632f8301197d4dd041ec0d3973230"
❌,"H1","markdown/core/src/main/kotlin/org/jetbrains/jewel/markdown/rendering/MarkdownStyling.kt",82,2025-05-29,7,223,"4180ce901d7632f8301197d4dd041ec0d3973230"
❌,"H2","markdown/core/src/main/kotlin/org/jetbrains/jewel/markdown/rendering/MarkdownStyling.kt",129,2025-05-29,7,223,"4180ce901d7632f8301197d4dd041ec0d3973230"
❌,"H3","markdown/core/src/main/kotlin/org/jetbrains/jewel/markdown/rendering/MarkdownStyling.kt",176,2025-05-29,7,223,"4180ce901d7632f8301197d4dd041ec0d3973230"
❌,"H4","markdown/core/src/main/kotlin/org/jetbrains/jewel/markdown/rendering/MarkdownStyling.kt",223,2025-05-29,7,223,"4180ce901d7632f8301197d4dd041ec0d3973230"
❌,"H5","markdown/core/src/main/kotlin/org/jetbrains/jewel/markdown/rendering/MarkdownStyling.kt",270,2025-05-29,7,223,"4180ce901d7632f8301197d4dd041ec0d3973230"
❌,"H6","markdown/core/src/main/kotlin/org/jetbrains/jewel/markdown/rendering/MarkdownStyling.kt",317,2025-05-29,7,223,"4180ce901d7632f8301197d4dd041ec0d3973230"
❌,"BlockQuote","markdown/core/src/main/kotlin/org/jetbrains/jewel/markdown/rendering/MarkdownStyling.kt",395,2025-05-29,7,223,"4180ce901d7632f8301197d4dd041ec0d3973230"
❌,"List","markdown/core/src/main/kotlin/org/jetbrains/jewel/markdown/rendering/MarkdownStyling.kt",446,2025-05-29,7,223,"4180ce901d7632f8301197d4dd041ec0d3973230"
❌,"Ordered","markdown/core/src/main/kotlin/org/jetbrains/jewel/markdown/rendering/MarkdownStyling.kt",450,2025-05-29,7,223,"4180ce901d7632f8301197d4dd041ec0d3973230"
❌,"Unordered","markdown/core/src/main/kotlin/org/jetbrains/jewel/markdown/rendering/MarkdownStyling.kt",591,2025-05-29,7,223,"4180ce901d7632f8301197d4dd041ec0d3973230"
❌,"Code","markdown/core/src/main/kotlin/org/jetbrains/jewel/markdown/rendering/MarkdownStyling.kt",707,2025-05-29,7,223,"4180ce901d7632f8301197d4dd041ec0d3973230"
❌,"Indented","markdown/core/src/main/kotlin/org/jetbrains/jewel/markdown/rendering/MarkdownStyling.kt",711,2025-05-29,7,223,"4180ce901d7632f8301197d4dd041ec0d3973230"
❌,"Fenced","markdown/core/src/main/kotlin/org/jetbrains/jewel/markdown/rendering/MarkdownStyling.kt",770,2025-05-29,7,223,"4180ce901d7632f8301197d4dd041ec0d3973230"
❌,"Image","markdown/core/src/main/kotlin/org/jetbrains/jewel/markdown/rendering/MarkdownStyling.kt",874,2025-05-29,7,223,"4180ce901d7632f8301197d4dd041ec0d3973230"
❌,"ThematicBreak","markdown/core/src/main/kotlin/org/jetbrains/jewel/markdown/rendering/MarkdownStyling.kt",929,2025-05-29,7,223,"4180ce901d7632f8301197d4dd041ec0d3973230"
❌,"HtmlBlock","markdown/core/src/main/kotlin/org/jetbrains/jewel/markdown/rendering/MarkdownStyling.kt",962,2025-05-29,7,223,"4180ce901d7632f8301197d4dd041ec0d3973230"
❌,"InlinesStyling","markdown/core/src/main/kotlin/org/jetbrains/jewel/markdown/rendering/MarkdownStyling.kt",1080,2025-05-29,7,223,"4180ce901d7632f8301197d4dd041ec0d3973230"
❌,"baseInlinesStyling","markdown/core/src/main/kotlin/org/jetbrains/jewel/markdown/rendering/MarkdownStyling.kt",43,2025-05-29,7,223,"4180ce901d7632f8301197d4dd041ec0d3973230"
❌,"RawMarkdown","markdown/core/src/main/kotlin/org/jetbrains/jewel/markdown/Semantics.kt",9,2025-06-04,7,217,"41ca33fc13f7df6e41ea84db319cb2bb8f8c0908"
❌,"InlineMarkdown","markdown/core/src/main/kotlin/org/jetbrains/jewel/markdown/InlineMarkdown.kt",7,2025-06-04,7,217,"41ca33fc13f7df6e41ea84db319cb2bb8f8c0908"
❌,"Code","markdown/core/src/main/kotlin/org/jetbrains/jewel/markdown/InlineMarkdown.kt",14,2025-06-04,7,217,"41ca33fc13f7df6e41ea84db319cb2bb8f8c0908"
❌,"CustomDelimitedNode","markdown/core/src/main/kotlin/org/jetbrains/jewel/markdown/InlineMarkdown.kt",32,2025-06-04,7,217,"41ca33fc13f7df6e41ea84db319cb2bb8f8c0908"
❌,"Emphasis","markdown/core/src/main/kotlin/org/jetbrains/jewel/markdown/InlineMarkdown.kt",56,2025-06-04,7,217,"41ca33fc13f7df6e41ea84db319cb2bb8f8c0908"
❌,"HtmlInline","markdown/core/src/main/kotlin/org/jetbrains/jewel/markdown/InlineMarkdown.kt",89,2025-06-04,7,217,"41ca33fc13f7df6e41ea84db319cb2bb8f8c0908"
❌,"Image","markdown/core/src/main/kotlin/org/jetbrains/jewel/markdown/InlineMarkdown.kt",107,2025-06-04,7,217,"41ca33fc13f7df6e41ea84db319cb2bb8f8c0908"
❌,"Link","markdown/core/src/main/kotlin/org/jetbrains/jewel/markdown/InlineMarkdown.kt",155,2025-06-04,7,217,"41ca33fc13f7df6e41ea84db319cb2bb8f8c0908"
❌,"StrongEmphasis","markdown/core/src/main/kotlin/org/jetbrains/jewel/markdown/InlineMarkdown.kt",194,2025-06-04,7,217,"41ca33fc13f7df6e41ea84db319cb2bb8f8c0908"
❌,"Text","markdown/core/src/main/kotlin/org/jetbrains/jewel/markdown/InlineMarkdown.kt",225,2025-06-04,7,217,"41ca33fc13f7df6e41ea84db319cb2bb8f8c0908"
❌,"MarkdownMode","markdown/core/src/main/kotlin/org/jetbrains/jewel/markdown/MarkdownMode.kt",12,2025-06-04,7,217,"41ca33fc13f7df6e41ea84db319cb2bb8f8c0908"
❌,"Standalone","markdown/core/src/main/kotlin/org/jetbrains/jewel/markdown/MarkdownMode.kt",21,2025-06-04,7,217,"41ca33fc13f7df6e41ea84db319cb2bb8f8c0908"
❌,"WithMarkdownMode","markdown/core/src/main/kotlin/org/jetbrains/jewel/markdown/MarkdownMode.kt",36,2025-06-04,7,217,"41ca33fc13f7df6e41ea84db319cb2bb8f8c0908"
❌,"GfmTableStyling","markdown/extensions/gfm-tables/src/main/kotlin/org/jetbrains/jewel/markdown/extensions/github/tables/GitHubTableStyling.kt",14,2025-06-04,7,217,"41ca33fc13f7df6e41ea84db319cb2bb8f8c0908"
❌,"GfmTableColors","markdown/extensions/gfm-tables/src/main/kotlin/org/jetbrains/jewel/markdown/extensions/github/tables/GitHubTableStyling.kt",69,2025-06-04,7,217,"41ca33fc13f7df6e41ea84db319cb2bb8f8c0908"
❌,"RowBackgroundStyle","markdown/extensions/gfm-tables/src/main/kotlin/org/jetbrains/jewel/markdown/extensions/github/tables/GitHubTableStyling.kt",111,2025-06-04,7,217,"41ca33fc13f7df6e41ea84db319cb2bb8f8c0908"
❌,"GfmTableMetrics","markdown/extensions/gfm-tables/src/main/kotlin/org/jetbrains/jewel/markdown/extensions/github/tables/GitHubTableStyling.kt",127,2025-06-04,7,217,"41ca33fc13f7df6e41ea84db319cb2bb8f8c0908"
❌,"GitHubStrikethroughInlineProcessorExtension","markdown/extensions/gfm-strikethrough/src/main/kotlin/org/jetbrains/jewel/markdown/extensions/github/strikethrough/GitHubStrikethroughInlineProcessorExtension.kt",13,2025-06-04,7,217,"41ca33fc13f7df6e41ea84db319cb2bb8f8c0908"
❌,"GitHubStrikethroughRendererExtension","markdown/extensions/gfm-strikethrough/src/main/kotlin/org/jetbrains/jewel/markdown/extensions/github/strikethrough/GitHubStrikethroughRendererExtension.kt",8,2025-06-04,7,217,"41ca33fc13f7df6e41ea84db319cb2bb8f8c0908"
❌,"GitHubStrikethroughNode","markdown/extensions/gfm-strikethrough/src/main/kotlin/org/jetbrains/jewel/markdown/extensions/github/strikethrough/GitHubStrikethroughNode.kt",8,2025-06-04,7,217,"41ca33fc13f7df6e41ea84db319cb2bb8f8c0908"
❌,"GitHubStrikethroughInlineRendererExtension","markdown/extensions/gfm-strikethrough/src/main/kotlin/org/jetbrains/jewel/markdown/extensions/github/strikethrough/GitHubStrikethroughInlineRendererExtension.kt",15,2025-06-04,7,217,"41ca33fc13f7df6e41ea84db319cb2bb8f8c0908"
❌,"GitHubAlertIcons","markdown/extensions/gfm-alerts/src/main/kotlin/org/jetbrains/jewel/markdown/extensions/github/alerts/GitHubAlertIcons.kt",8,2025-06-04,7,217,"41ca33fc13f7df6e41ea84db319cb2bb8f8c0908"
❌,"MarkdownBlockRenderer","markdown/ide-laf-bridge-styling/src/main/kotlin/org/jetbrains/jewel/intui/markdown/bridge/BridgeMarkdownBlockRendererExtensions.kt",13,2025-06-04,7,217,"41ca33fc13f7df6e41ea84db319cb2bb8f8c0908"
❌,"MarkdownStyling","markdown/ide-laf-bridge-styling/src/main/kotlin/org/jetbrains/jewel/intui/markdown/bridge/styling/BridgeMarkdownStyling.kt",47,2025-05-29,7,223,"4180ce901d7632f8301197d4dd041ec0d3973230"
❌,"Paragraph","markdown/ide-laf-bridge-styling/src/main/kotlin/org/jetbrains/jewel/intui/markdown/bridge/styling/BridgeMarkdownStyling.kt",65,2025-05-29,7,223,"4180ce901d7632f8301197d4dd041ec0d3973230"
❌,"Heading","markdown/ide-laf-bridge-styling/src/main/kotlin/org/jetbrains/jewel/intui/markdown/bridge/styling/BridgeMarkdownStyling.kt",70,2025-05-29,7,223,"4180ce901d7632f8301197d4dd041ec0d3973230"
❌,"BlockQuote","markdown/ide-laf-bridge-styling/src/main/kotlin/org/jetbrains/jewel/intui/markdown/bridge/styling/BridgeMarkdownStyling.kt",238,2025-05-29,7,223,"4180ce901d7632f8301197d4dd041ec0d3973230"
❌,"List","markdown/ide-laf-bridge-styling/src/main/kotlin/org/jetbrains/jewel/intui/markdown/bridge/styling/BridgeMarkdownStyling.kt",249,2025-05-29,7,223,"4180ce901d7632f8301197d4dd041ec0d3973230"
❌,"Ordered","markdown/ide-laf-bridge-styling/src/main/kotlin/org/jetbrains/jewel/intui/markdown/bridge/styling/BridgeMarkdownStyling.kt",284,2025-05-29,7,223,"4180ce901d7632f8301197d4dd041ec0d3973230"
❌,"Unordered","markdown/ide-laf-bridge-styling/src/main/kotlin/org/jetbrains/jewel/intui/markdown/bridge/styling/BridgeMarkdownStyling.kt",335,2025-05-29,7,223,"4180ce901d7632f8301197d4dd041ec0d3973230"
❌,"Code","markdown/ide-laf-bridge-styling/src/main/kotlin/org/jetbrains/jewel/intui/markdown/bridge/styling/BridgeMarkdownStyling.kt",359,2025-05-29,7,223,"4180ce901d7632f8301197d4dd041ec0d3973230"
❌,"Indented","markdown/ide-laf-bridge-styling/src/main/kotlin/org/jetbrains/jewel/intui/markdown/bridge/styling/BridgeMarkdownStyling.kt",367,2025-05-29,7,223,"4180ce901d7632f8301197d4dd041ec0d3973230"
❌,"Fenced","markdown/ide-laf-bridge-styling/src/main/kotlin/org/jetbrains/jewel/intui/markdown/bridge/styling/BridgeMarkdownStyling.kt",380,2025-05-29,7,223,"4180ce901d7632f8301197d4dd041ec0d3973230"
❌,"Image","markdown/ide-laf-bridge-styling/src/main/kotlin/org/jetbrains/jewel/intui/markdown/bridge/styling/BridgeMarkdownStyling.kt",409,2025-05-29,7,223,"4180ce901d7632f8301197d4dd041ec0d3973230"
❌,"ThematicBreak","markdown/ide-laf-bridge-styling/src/main/kotlin/org/jetbrains/jewel/intui/markdown/bridge/styling/BridgeMarkdownStyling.kt",421,2025-05-29,7,223,"4180ce901d7632f8301197d4dd041ec0d3973230"
❌,"HtmlBlock","markdown/ide-laf-bridge-styling/src/main/kotlin/org/jetbrains/jewel/intui/markdown/bridge/styling/BridgeMarkdownStyling.kt",429,2025-05-29,7,223,"4180ce901d7632f8301197d4dd041ec0d3973230"
❌,"InlinesStyling","markdown/ide-laf-bridge-styling/src/main/kotlin/org/jetbrains/jewel/intui/markdown/bridge/styling/BridgeMarkdownStyling.kt",441,2025-05-29,7,223,"4180ce901d7632f8301197d4dd041ec0d3973230"
❌,"InlinesStyling","markdown/ide-laf-bridge-styling/src/main/kotlin/org/jetbrains/jewel/intui/markdown/bridge/styling/BridgeMarkdownStyling.kt",495,2025-05-29,7,223,"4180ce901d7632f8301197d4dd041ec0d3973230"
❌,"GfmTableStyling","markdown/ide-laf-bridge-styling/src/main/kotlin/org/jetbrains/jewel/intui/markdown/bridge/styling/extensions/github/tables/BridgeGitHubTableStyling.kt",19,2025-06-04,7,217,"41ca33fc13f7df6e41ea84db319cb2bb8f8c0908"
❌,"GfmTableColors","markdown/ide-laf-bridge-styling/src/main/kotlin/org/jetbrains/jewel/intui/markdown/bridge/styling/extensions/github/tables/BridgeGitHubTableStyling.kt",27,2025-06-04,7,217,"41ca33fc13f7df6e41ea84db319cb2bb8f8c0908"
❌,"GfmTableMetrics","markdown/ide-laf-bridge-styling/src/main/kotlin/org/jetbrains/jewel/intui/markdown/bridge/styling/extensions/github/tables/BridgeGitHubTableStyling.kt",36,2025-06-04,7,217,"41ca33fc13f7df6e41ea84db319cb2bb8f8c0908"
❌,"AlertStyling","markdown/ide-laf-bridge-styling/src/main/kotlin/org/jetbrains/jewel/intui/markdown/bridge/styling/extensions/github/alerts/BridgeGitHubAlertStyling.kt",25,2025-06-04,7,217,"41ca33fc13f7df6e41ea84db319cb2bb8f8c0908"
❌,"NoteAlertStyling","markdown/ide-laf-bridge-styling/src/main/kotlin/org/jetbrains/jewel/intui/markdown/bridge/styling/extensions/github/alerts/BridgeGitHubAlertStyling.kt",35,2025-06-04,7,217,"41ca33fc13f7df6e41ea84db319cb2bb8f8c0908"
❌,"TipAlertStyling","markdown/ide-laf-bridge-styling/src/main/kotlin/org/jetbrains/jewel/intui/markdown/bridge/styling/extensions/github/alerts/BridgeGitHubAlertStyling.kt",60,2025-06-04,7,217,"41ca33fc13f7df6e41ea84db319cb2bb8f8c0908"
❌,"ImportantAlertStyling","markdown/ide-laf-bridge-styling/src/main/kotlin/org/jetbrains/jewel/intui/markdown/bridge/styling/extensions/github/alerts/BridgeGitHubAlertStyling.kt",85,2025-06-04,7,217,"41ca33fc13f7df6e41ea84db319cb2bb8f8c0908"
❌,"WarningAlertStyling","markdown/ide-laf-bridge-styling/src/main/kotlin/org/jetbrains/jewel/intui/markdown/bridge/styling/extensions/github/alerts/BridgeGitHubAlertStyling.kt",110,2025-06-04,7,217,"41ca33fc13f7df6e41ea84db319cb2bb8f8c0908"
❌,"CautionAlertStyling","markdown/ide-laf-bridge-styling/src/main/kotlin/org/jetbrains/jewel/intui/markdown/bridge/styling/extensions/github/alerts/BridgeGitHubAlertStyling.kt",135,2025-06-04,7,217,"41ca33fc13f7df6e41ea84db319cb2bb8f8c0908"
❌,"MarkdownBlockRenderer","markdown/int-ui-standalone-styling/src/main/kotlin/org/jetbrains/jewel/intui/markdown/standalone/IntUiMarkdownBlockRendererExtensions.kt",14,2025-06-04,7,217,"41ca33fc13f7df6e41ea84db319cb2bb8f8c0908"
❌,"GfmTableStyling","markdown/int-ui-standalone-styling/src/main/kotlin/org/jetbrains/jewel/intui/markdown/standalone/styling/extensions/github/tables/IntUiGitHubTableStyling.kt",16,2025-06-04,7,217,"41ca33fc13f7df6e41ea84db319cb2bb8f8c0908"
❌,"GfmTableColors","markdown/int-ui-standalone-styling/src/main/kotlin/org/jetbrains/jewel/intui/markdown/standalone/styling/extensions/github/tables/IntUiGitHubTableStyling.kt",32,2025-06-04,7,217,"41ca33fc13f7df6e41ea84db319cb2bb8f8c0908"
❌,"GfmTableMetrics","markdown/int-ui-standalone-styling/src/main/kotlin/org/jetbrains/jewel/intui/markdown/standalone/styling/extensions/github/tables/IntUiGitHubTableStyling.kt",50,2025-06-04,7,217,"41ca33fc13f7df6e41ea84db319cb2bb8f8c0908"
❌,"AlertStyling","markdown/int-ui-standalone-styling/src/main/kotlin/org/jetbrains/jewel/intui/markdown/standalone/styling/extensions/github/alerts/IntUiGitHubAlertStyling.kt",22,2025-06-04,7,217,"41ca33fc13f7df6e41ea84db319cb2bb8f8c0908"
❌,"NoteAlertStyling","markdown/int-ui-standalone-styling/src/main/kotlin/org/jetbrains/jewel/intui/markdown/standalone/styling/extensions/github/alerts/IntUiGitHubAlertStyling.kt",42,2025-06-04,7,217,"41ca33fc13f7df6e41ea84db319cb2bb8f8c0908"
❌,"TipAlertStyling","markdown/int-ui-standalone-styling/src/main/kotlin/org/jetbrains/jewel/intui/markdown/standalone/styling/extensions/github/alerts/IntUiGitHubAlertStyling.kt",92,2025-06-04,7,217,"41ca33fc13f7df6e41ea84db319cb2bb8f8c0908"
❌,"ImportantAlertStyling","markdown/int-ui-standalone-styling/src/main/kotlin/org/jetbrains/jewel/intui/markdown/standalone/styling/extensions/github/alerts/IntUiGitHubAlertStyling.kt",142,2025-06-04,7,217,"41ca33fc13f7df6e41ea84db319cb2bb8f8c0908"
❌,"WarningAlertStyling","markdown/int-ui-standalone-styling/src/main/kotlin/org/jetbrains/jewel/intui/markdown/standalone/styling/extensions/github/alerts/IntUiGitHubAlertStyling.kt",192,2025-06-04,7,217,"41ca33fc13f7df6e41ea84db319cb2bb8f8c0908"
❌,"CautionAlertStyling","markdown/int-ui-standalone-styling/src/main/kotlin/org/jetbrains/jewel/intui/markdown/standalone/styling/extensions/github/alerts/IntUiGitHubAlertStyling.kt",242,2025-06-04,7,217,"41ca33fc13f7df6e41ea84db319cb2bb8f8c0908"
❌,"MarkdownStyling","markdown/int-ui-standalone-styling/src/main/kotlin/org/jetbrains/jewel/intui/markdown/standalone/styling/IntUiMarkdownStyling.kt",45,2025-06-03,7,218,"67385f8e66114d3ba867d3bb97fe7a638f49559d"
❌,"Paragraph","markdown/int-ui-standalone-styling/src/main/kotlin/org/jetbrains/jewel/intui/markdown/standalone/styling/IntUiMarkdownStyling.kt",81,2025-06-03,7,218,"67385f8e66114d3ba867d3bb97fe7a638f49559d"
❌,"Heading","markdown/int-ui-standalone-styling/src/main/kotlin/org/jetbrains/jewel/intui/markdown/standalone/styling/IntUiMarkdownStyling.kt",93,2025-06-03,7,218,"67385f8e66114d3ba867d3bb97fe7a638f49559d"
❌,"BlockQuote","markdown/int-ui-standalone-styling/src/main/kotlin/org/jetbrains/jewel/intui/markdown/standalone/styling/IntUiMarkdownStyling.kt",405,2025-06-03,7,218,"67385f8e66114d3ba867d3bb97fe7a638f49559d"
❌,"List","markdown/int-ui-standalone-styling/src/main/kotlin/org/jetbrains/jewel/intui/markdown/standalone/styling/IntUiMarkdownStyling.kt",427,2025-06-03,7,218,"67385f8e66114d3ba867d3bb97fe7a638f49559d"
❌,"Ordered","markdown/int-ui-standalone-styling/src/main/kotlin/org/jetbrains/jewel/intui/markdown/standalone/styling/IntUiMarkdownStyling.kt",496,2025-06-03,7,218,"67385f8e66114d3ba867d3bb97fe7a638f49559d"
❌,"Unordered","markdown/int-ui-standalone-styling/src/main/kotlin/org/jetbrains/jewel/intui/markdown/standalone/styling/IntUiMarkdownStyling.kt",602,2025-06-03,7,218,"67385f8e66114d3ba867d3bb97fe7a638f49559d"
❌,"Code","markdown/int-ui-standalone-styling/src/main/kotlin/org/jetbrains/jewel/intui/markdown/standalone/styling/IntUiMarkdownStyling.kt",673,2025-06-03,7,218,"67385f8e66114d3ba867d3bb97fe7a638f49559d"
❌,"Indented","markdown/int-ui-standalone-styling/src/main/kotlin/org/jetbrains/jewel/intui/markdown/standalone/styling/IntUiMarkdownStyling.kt",689,2025-06-03,7,218,"67385f8e66114d3ba867d3bb97fe7a638f49559d"
❌,"Fenced","markdown/int-ui-standalone-styling/src/main/kotlin/org/jetbrains/jewel/intui/markdown/standalone/styling/IntUiMarkdownStyling.kt",717,2025-06-03,7,218,"67385f8e66114d3ba867d3bb97fe7a638f49559d"
❌,"Image","markdown/int-ui-standalone-styling/src/main/kotlin/org/jetbrains/jewel/intui/markdown/standalone/styling/IntUiMarkdownStyling.kt",775,2025-06-03,7,218,"67385f8e66114d3ba867d3bb97fe7a638f49559d"
❌,"ThematicBreak","markdown/int-ui-standalone-styling/src/main/kotlin/org/jetbrains/jewel/intui/markdown/standalone/styling/IntUiMarkdownStyling.kt",787,2025-06-03,7,218,"67385f8e66114d3ba867d3bb97fe7a638f49559d"
❌,"HtmlBlock","markdown/int-ui-standalone-styling/src/main/kotlin/org/jetbrains/jewel/intui/markdown/standalone/styling/IntUiMarkdownStyling.kt",803,2025-06-03,7,218,"67385f8e66114d3ba867d3bb97fe7a638f49559d"
❌,"InlinesStyling","markdown/int-ui-standalone-styling/src/main/kotlin/org/jetbrains/jewel/intui/markdown/standalone/styling/IntUiMarkdownStyling.kt",827,2025-06-03,7,218,"67385f8e66114d3ba867d3bb97fe7a638f49559d"
❌,"InlinesStyling","markdown/int-ui-standalone-styling/src/main/kotlin/org/jetbrains/jewel/intui/markdown/standalone/styling/IntUiMarkdownStyling.kt",876,2025-06-03,7,218,"67385f8e66114d3ba867d3bb97fe7a638f49559d"
❌,"ProvideMarkdownStyling","markdown/int-ui-standalone-styling/src/main/kotlin/org/jetbrains/jewel/intui/markdown/standalone/IntUiProvideMarkdownStyling.kt",26,2025-06-04,7,217,"d281dea716e30a21ef8f576dab30af9ed236649f"
❌,"ProvideMarkdownStyling","markdown/int-ui-standalone-styling/src/main/kotlin/org/jetbrains/jewel/intui/markdown/standalone/IntUiProvideMarkdownStyling.kt",72,2025-06-04,7,217,"d281dea716e30a21ef8f576dab30af9ed236649f"
❌,"ProvideMarkdownStyling","markdown/int-ui-standalone-styling/src/main/kotlin/org/jetbrains/jewel/intui/markdown/standalone/IntUiProvideMarkdownStyling.kt",114,2025-06-04,7,217,"d281dea716e30a21ef8f576dab30af9ed236649f"
❌,"ProvideMarkdownStyling","markdown/int-ui-standalone-styling/src/main/kotlin/org/jetbrains/jewel/intui/markdown/standalone/IntUiProvideMarkdownStyling.kt",139,2025-06-04,7,217,"d281dea716e30a21ef8f576dab30af9ed236649f"
❌,"Markdown","markdown/core/src/main/kotlin/org/jetbrains/jewel/markdown/Markdown.kt",62,2025-03-16,9,297,"15ec6066ee17659924f1efacdf8cdff7b53165b5"
❌,"Markdown","markdown/core/src/main/kotlin/org/jetbrains/jewel/markdown/Markdown.kt",90,2025-03-16,9,297,"15ec6066ee17659924f1efacdf8cdff7b53165b5"
❌,"Markdown","markdown/core/src/main/kotlin/org/jetbrains/jewel/markdown/Markdown.kt",163,2025-03-16,9,297,"15ec6066ee17659924f1efacdf8cdff7b53165b5"
❌,"Markdown","markdown/core/src/main/kotlin/org/jetbrains/jewel/markdown/Markdown.kt",180,2025-03-16,9,297,"15ec6066ee17659924f1efacdf8cdff7b53165b5"
❌,"LazyMarkdown","markdown/core/src/main/kotlin/org/jetbrains/jewel/markdown/Markdown.kt",247,2025-03-16,9,297,"15ec6066ee17659924f1efacdf8cdff7b53165b5"
❌,"LazyMarkdown","markdown/core/src/main/kotlin/org/jetbrains/jewel/markdown/Markdown.kt",275,2025-03-16,9,297,"15ec6066ee17659924f1efacdf8cdff7b53165b5"
❌,"plus","markdown/core/src/main/kotlin/org/jetbrains/jewel/markdown/rendering/MarkdownBlockRenderer.kt",661,2025-03-16,9,297,"15ec6066ee17659924f1efacdf8cdff7b53165b5"
❌,"LazyTree","ui/src/main/kotlin/org/jetbrains/jewel/ui/component/LazyTree.kt",54,2025-01-15,11,357,"b922a5bbfdff1a58cc28c6897b0dd99b77f34726"
❌,"MarkdownRendererExtension","markdown/core/src/main/kotlin/org/jetbrains/jewel/markdown/extensions/MarkdownRendererExtension.kt",6,2025-01-21,11,351,"ce6318e5ac2543755317efc74894a2ce488d15e1"
❌,"CodeHighlighter","foundation/src/main/kotlin/org/jetbrains/jewel/foundation/code/highlighting/CodeHighlighter.kt",11,2025-01-16,11,356,"2b72a30897da4448219033aecc8bd59aad752454"
❌,"enableNewSwingCompositing","foundation/src/main/kotlin/org/jetbrains/jewel/foundation/Compatibility.kt",5,2024-09-03,16,491,"0beda7c6727e6564843cd3a6a06a7b79f192636c"
